"home_team","away_team","prob_home_winner","prob_away_win","odds_home_win","odds_away_win","home_odds_plus_10perc","away_odds_plus_10perc"
"Brighton","Liverpool",0.374734059569539,0.625265940430461,2.66855914071091,1.59931948206159,2.935415054782,1.75925143026775
"Brentford","Burnley",0.460893110154872,0.539106889845128,2.16970047494087,1.85491971784533,2.38667052243496,2.04041168962986
"Man United","Tottenham",0.43110056625537,0.56889943374463,2.31964436671056,1.75777991800372,2.55160880338161,1.93355790980409
